1,27,0,0,2,0,0,0,10,10,0,12,1.5,0,1,1,0,1
2,52,1,0,0,0,0,0,3,5,0,3,1.44,0,1,1,0,1
3,26,0,0,2,0,0,0,3,18,0,12,1.5,0,1,1,0,-1
4,49,1,0,0,0,0,0,11,50,0,12,1.5,0,1,1,0,1
5,26,1,1,2,1,1,0,3,5,0,6,1.5,1,1,0,1,-1
6,24,1,0,1,0,0,0,2,10,0,12,1.5,0,1,1,0,1
7,47,1,0,0,0,0,0,1,20,0,9,1.53,0,1,1,0,1
8,23,0,0,2,0,1,0,2,3,0,12,1.53,1,1,0,1,1
9,31,1,0,2,0,0,0,0.083,50,0,5,1.47,0,1,1,1,1
10,27,0,0,2,0,0,0,0.5,6,0,12,1.5,0,1,1,0,1
11,41,1,0,1,0,0,0,6,100,0,6,1.47,0,1,1,0,1
12,27,1,0,4,0,0,0,4,3,1,6,1.47,0,1,1,0,1
13,40,1,0,1,0,0,0,0.33,3,0,12,1.5,0,1,1,0,1
14,29,1,0,1,0,0,0,10,50,0,12,1.5,0,1,1,0,1
15,61,1,0,3,0,0,0,20,30,1,1.33,1.44,0,1,1,0,1
16,58,1,0,0,0,0,0,12,100,0,3,1.44,0,1,1,0,1
17,34,1,0,3,0,0,0,8,5,1,12,1.5,0,1,1,0,1
18,40,1,0,1,0,0,0,5,15,0,6,1.47,0,1,1,0,1
19,52,1,0,1,0,0,0,20,4,0,12,1.53,1,1,0,1,1
20,45,0,0,0,0,0,0,15,20,1,12,1.5,0,1,1,0,1
21,47,1,0,0,0,0,0,8,400,0,6,1.47,0,1,1,0,1
22,35,1,0,2,0,0,0,2,15,0,12,1.53,1,1,0,0,1
23,28,1,1,2,2,0,0,1,9,0,6,1.47,0,1,1,0,1
24,43,1,0,0,0,0,0,10,40,0,12,1.5,0,1,1,1,-1
25,53,1,0,1,0,0,0,6,120,0,12,1.5,0,1,1,0,1
26,42,1,0,1,0,0,0,10,30,0,12,1.53,0,1,1,0,1
27,40,1,0,2,0,0,0,6,15,0,12,1.5,0,1,1,0,1
28,54,0,0,2,0,0,0,25,15,1,12,1.53,1,1,0,1,1
29,45,1,0,0,0,0,0,3,3,0,6,1.5,0,1,1,0,1
30,61,1,0,1,0,0,0,10,40,0,3,1.44,0,1,1,0,1
31,40,1,0,1,0,0,0,2,10,0,12,1.53,1,1,0,1,-1
32,41,1,0,1,0,0,0,7,10,1,12,1.53,1,1,0,1,1
33,29,0,1,2,0,0,0,2,50,0,12,1.53,0,1,1,0,1
34,31,1,0,1,0,0,0,3,20,0,12,1.5,0,1,1,0,1
35,56,1,0,1,0,0,0,0.083,50,0,3,1.44,0,1,1,0,1
36,42,1,0,1,0,0,0,10,20,0,12,1.5,0,1,1,0,1
37,50,1,0,0,1,0,0,5,1.9,0,12,1.5,1,1,0,1,-1
38,26,1,0,0,0,0,0,5,2,1,12,1.53,1,1,0,1,1
39,48,1,0,1,0,0,0,20,7,0,12,1.53,1,1,0,1,1
40,53,1,0,0,0,0,1,4,10,0,12,1.5,0,1,1,0,1
41,40,1,0,1,0,0,0,10,15,0,12,1.5,0,1,1,0,1
42,40,1,0,2,0,0,0,6,20,0,12,1.5,0,1,1,0,1
43,40,0,0,2,0,0,0,2,10,0,12,1.5,0,1,1,0,1
44,31,1,0,2,0,0,0,2,10,0,12,1.53,1,1,0,1,1
45,60,0,0,0,0,0,0,5,100,0,12,1.5,0,1,1,0,1
46,31,1,0,3,0,0,0,5,120,1,6,1.47,0,1,1,0,1
47,42,1,2,3,0,0,0,1,50,0,12,1.53,1,1,0,1,-1
48,52,1,0,1,0,0,0,0.5,200,0,12,1.5,0,1,1,0,1
49,38,0,0,2,0,0,0,16,20,0,12,1.5,0,1,1,0,1
50,38,0,0,2,0,0,0,16,20,0,12,1.5,0,1,1,0,1
51,36,1,0,1,0,0,0,3,60,0,12,1.5,0,1,1,0,1
52,33,1,0,3,0,0,0,2,50,0,12,1.5,0,1,1,0,1
53,32,0,0,2,0,0,0,2,10,0,12,1.5,0,1,1,0,1
54,33,1,0,1,0,0,1,2,10,0,12,1.5,0,1,1,0,1
55,50,1,0,0,0,0,1,12,20,0,4,1.47,0,1,1,0,1
56,29,1,0,1,0,1,0,2,10,0,12,1.53,1,1,0,1,-1
57,54,0,0,0,0,0,0,0,7,0,12,1.5,0,1,1,0,-1
58,25,1,0,4,2,0,0,2,8,1,12,1.53,1,1,0,1,-1
59,57,1,0,0,0,0,0,2,20,0,12,1.53,1,1,0,1,1
60,48,1,0,1,0,0,0,4,30,0,12,1.5,0,1,1,1,1
61,39,1,0,1,0,0,0,9,5,0,12,1.5,0,1,1,0,1
62,31,0,0,2,0,0,0,3,20,0,12,1.53,1,1,0,1,1
63,36,1,0,4,0,0,0,6,10,0,12,1.5,0,1,1,0,1
64,38,1,0,1,0,0,0,7,20,0,12,1.53,1,1,0,1,1
65,52,1,0,2,0,0,0,5,100,0,12,1.5,0,1,1,0,1
66,31,1,0,2,0,0,0,11,50,0,12,1.5,0,1,1,0,1
67,32,1,0,1,0,0,0,5,15,0,12,1.5,0,1,1,0,1
68,40,1,0,1,0,0,1,5,20,0,12,1.5,0,1,1,0,1
69,43,1,0,1,0,0,0,2,50,0,12,1.5,0,1,1,0,1
70,41,1,0,1,0,0,1,6,100,0,12,1.5,0,1,1,0,1
71,47,1,0,1,0,0,0,2,8,0,12,1.5,0,1,1,0,1
72,27,1,0,4,0,0,1,4,3,1,12,1.5,0,1,1,0,1
73,52,1,0,0,1,0,0,3,3,0,6,1.5,1,1,0,1,-1
74,47,1,0,0,0,0,1,8,100,0,12,1.5,0,1,1,0,1
75,37,1,0,1,0,1,0,7,2,0,12,1.5,1,1,0,1,1
76,53,1,0,1,0,0,1,6,60,0,12,1.5,0,1,1,0,1
77,48,0,0,0,0,0,0,10,100,0,12,1.5,0,1,1,0,1
78,29,1,0,1,0,0,1,10,100,0,12,1.5,0,1,1,0,1
79,40,1,0,1,0,0,0,3,20,0,6,1.47,0,1,1,0,1
80,27,1,1,4,0,0,0,4,130,0,3,1.5,1,1,0,1,1
81,33,1,0,1,0,0,0,3,40,0,12,1.53,1,1,0,1,1
82,34,1,0,2,0,0,0,14,10,0,12,1.53,1,1,0,1,1
83,28,1,0,1,0,0,0,2,20,0,12,1.5,1,1,0,1,1
84,27,1,1,3,0,0,0,2,10,0,12,1.53,0,1,1,0,1
85,56,1,0,1,0,0,0,4,50,0,12,1.5,1,1,0,1,1
86,48,1,0,1,0,0,0,4,6,0,12,1.5,0,1,1,0,1
87,34,1,0,1,0,0,0,4,10,0,12,1.53,1,1,0,1,1
88,33,1,0,4,0,0,0,3,50,0,3,1.47,0,0,1,0,1
89,33,1,0,2,2,0,0,2,200,0,12,1.5,0,1,1,1,-1
90,32,0,0,2,0,0,0,3,15,0,12,1.53,1,0,1,1,1
91,59,1,0,0,0,0,1,13,60,0,12,1.5,0,1,1,0,1
92,31,1,0,2,0,0,0,6,10,0,12,1.53,1,1,0,1,1
93,32,1,0,2,0,0,0,2,40,0,12,1.5,0,1,1,0,1
94,28,0,0,2,0,0,1,1,50,0,12,1.5,0,1,1,0,1
95,48,1,0,0,0,0,1,2,50,0,12,1.53,1,1,0,1,1
96,32,1,0,2,0,0,0,3,100,0,12,1.53,1,1,0,1,1
97,36,1,0,1,0,0,0,5,10,0,12,1.53,1,1,0,1,1
98,40,1,0,1,1,0,0,3,5,0,6,1.5,1,1,0,1,-1
99,27,1,0,4,0,0,0,1,20,0,6,1.26,1,0,0,1,1
100,30,1,0,0,0,0,0,2,10,0,6,1.26,1,0,0,1,1
101,48,1,0,0,0,0,1,1,10,0,6,1.26,1,0,0,1,1
102,55,1,0,0,0,0,0,20,10,0,6,1.26,1,0,0,1,1
103,33,1,0,2,0,0,0,8,15,0,12,1.5,0,1,0,0,1
104,48,1,0,0,0,0,1,2,20,0,12,1.53,1,0,0,1,1
105,42,1,0,1,0,0,1,10,50,0,12,1.53,1,0,0,1,1
106,27,1,0,4,0,0,0,4,100,0,3,1.5,1,1,0,1,1
107,47,1,0,1,0,0,0,10,30,0,12,1.5,0,1,1,0,1
108,23,1,1,1,0,1,0,4,10,0,6,1.26,1,0,0,1,1
109,41,1,0,1,0,0,0,10,10,0,12,1.5,0,1,0,0,1
110,37,1,0,2,0,0,0,4,3,0,6,1.26,1,1,1,1,1
111,45,1,0,1,0,0,0,7,100,0,12,1.5,0,1,0,0,1
112,41,1,0,1,0,0,0,13,15,0,6,1.26,1,1,1,1,1
113,34,1,0,2,0,0,0,5,20,0,12,1.53,1,1,0,1,1
114,25,1,1,4,0,1,0,1,4,0,12,1.53,1,1,0,1,1
115,43,1,0,1,0,0,0,10,10,0,6,1.26,1,1,1,1,1
116,34,1,0,3,0,1,0,3,10,0,6,1.26,1,1,0,1,1
117,28,1,0,3,0,0,0,3,30,0,12,1.5,0,1,1,0,1
118,28,1,0,3,0,0,0,3,10,0,12,1.5,0,1,1,0,1
119,28,1,1,3,0,1,0,2,12,0,6,1.26,1,1,0,1,1
120,36,1,0,1,0,0,1,5,10,0,12,1.53,1,1,0,1,1
121,42,1,0,1,0,0,0,10,25,0,6,1.26,1,0,0,1,1
122,29,1,0,1,0,1,0,3,6,0,6,1.26,1,1,1,1,1
123,29,1,0,1,0,0,0,4,10,0,12,1.53,0,1,0,0,1
124,35,0,2,1,0,0,0,3,85,0,12,1.5,1,1,1,0,1
125,43,1,0,1,0,0,0,20,20,0,3,1.23,1,1,0,1,1
126,47,1,0,0,1,0,0,1,5,0,3,1.35,1,1,0,1,-1
127,41,1,0,1,0,0,0,3,6,0,6,1.26,1,1,1,1,1
128,30,1,0,4,0,0,0,5,20,0,3,1.23,1,1,1,1,1
129,49,1,2,1,0,0,0,13,15,0,4,1.26,1,1,1,1,1
130,25,1,1,4,0,1,0,2,20,0,6,1.26,1,1,1,1,1
131,32,0,0,2,0,0,1,3,50,0,12,1.53,1,1,0,1,1
132,30,1,0,2,0,0,0,7,7,0,12,1.5,0,1,0,0,1
133,48,1,0,1,0,0,0,7,10,0,12,1.53,1,1,0,1,1
134,28,1,1,4,0,0,0,4,3,0,3,1.44,0,1,1,0,1
135,33,1,0,1,0,0,0,4,50,0,12,1.53,1,1,0,1,1
136,36,1,0,1,0,1,0,10,30,0,4,1.26,1,1,1,1,1
137,38,1,0,0,0,0,0,10,75,0,4,1.26,1,1,1,1,1
138,27,1,0,4,0,0,0,2,80,0,6,1.323,0,1,0,0,1
139,32,1,0,1,0,1,0,10,20,0,3,1.23,1,1,1,1,1
140,30,1,1,2,0,0,0,4,80,0,4,1.26,1,1,1,1,1
141,42,1,0,1,0,0,0,5,100,0,12,1.5,0,1,0,0,1
142,34,1,0,0,0,0,0,5,70,0,12,1.5,0,1,0,0,1
143,34,0,0,1,0,0,0,5,15,0,12,1.5,0,1,0,0,1
144,53,1,0,0,0,0,0,2,7,0,12,1.53,1,1,0,1,1
145,40,1,0,2,0,0,1,6,25,0,12,1.5,1,1,0,1,1
146,41,1,0,1,0,0,1,13,20,0,6,1.26,1,1,1,1,1
147,31,1,1,2,0,0,0,2,10,0,12,1.53,1,1,0,1,1
148,34,1,0,2,0,0,0,4,30,0,6,1.47,0,1,0,0,1
149,30,1,0,4,0,0,0,2,60,0,6,1.47,0,1,0,0,1
150,34,1,0,1,0,0,1,4,60,0,12,1.5,0,1,0,0,1
151,25,0,0,2,0,1,1,4,5,0,12,1.53,1,1,0,1,1
152,33,1,0,1,0,0,0,13,10,0,9,1.29,0,1,0,0,1
153,29,0,0,2,0,0,0,3,15,0,3,1.23,1,1,0,1,1
154,32,0,0,2,0,0,0,5,50,0,12,1.5,0,1,0,0,1
155,51,1,0,0,1,0,0,5,3,0,6,1.5,1,1,0,1,-1
156,39,0,0,1,0,0,0,10,50,0,6,1.47,0,1,0,0,1
157,43,1,0,1,0,0,1,11,30,0,12,1.53,1,1,0,1,1
158,52,1,0,1,0,0,0,20,20,0,6,1.26,1,0,1,1,1
159,44,1,0,1,0,0,0,5,30,0,12,1.53,1,0,0,1,1
160,54,1,0,1,0,0,1,7,120,0,12,1.5,0,1,1,0,1
161,43,1,0,1,0,0,1,2,10,0,12,1.53,1,1,0,1,1
162,34,1,0,4,0,0,0,6,25,0,6,1.5,1,1,0,1,1
163,37,1,0,1,0,1,1,10,20,0,3,1.44,0,1,0,0,1
164,40,1,0,0,0,0,0,10,10,0,12,1.5,0,1,0,0,1
165,31,0,0,4,0,0,0,6,30,0,12,1.5,0,1,0,0,1
166,41,1,0,1,0,0,0,8,20,0,6,1.26,1,0,0,1,1
167,34,1,0,1,0,1,0,6,15,0,6,1.26,0,1,0,0,1
168,34,1,0,3,0,0,1,3,50,0,12,1.5,0,1,0,0,1
169,29,1,0,2,0,0,1,5,45,0,12,1.5,0,1,0,0,1
170,43,1,0,1,0,0,1,6,20,0,12,1.5,0,1,0,0,1
171,45,1,0,1,0,0,0,10,5,0,3,1.5,0,1,0,0,1
172,48,1,0,2,1,0,0,7,100,0,12,1.5,0,1,0,0,1
173,34,1,0,3,0,0,1,3,20,0,12,1.5,0,1,0,0,1
174,50,1,0,0,0,0,0,13,25,0,12,1.29,0,1,0,0,1
175,50,1,2,1,0,0,1,13,15,0,12,1.29,1,1,1,1,1
176,33,1,0,3,0,0,0,7,40,0,6,1.47,0,1,0,0,1
177,56,1,0,0,0,0,1,20,15,0,12,1.29,1,1,0,1,1
178,44,1,0,1,1,0,0,3,13,0,6,1.5,1,1,0,1,-1
179,33,1,0,1,0,1,0,10,10,0,6,1.26,1,1,0,1,1
180,38,1,0,1,0,0,0,4,3,0,6,1.26,1,1,1,1,1
181,30,0,0,2,0,0,1,3,20,0,12,1.5,0,1,0,0,1
182,41,1,0,2,0,0,1,7,20,0,12,1.5,0,1,0,0,1
183,39,0,0,2,0,0,1,16,80,0,12,1.5,0,1,0,0,1
184,27,1,0,0,0,0,0,13,30,0,12,1.29,1,1,0,1,1
185,39,1,0,0,0,0,1,10,80,0,12,1.29,1,0,0,1,1
186,44,1,0,0,0,0,1,15,40,0,12,1.29,1,0,0,1,1
187,37,1,0,1,0,1,1,10,20,0,12,1.29,1,0,0,1,1
188,31,1,1,2,0,0,1,4,80,0,12,1.29,1,0,0,1,1
189,30,1,0,1,0,0,1,10,80,0,12,1.29,1,0,0,1,1
190,61,0,0,0,0,0,1,6,100,0,12,1.5,0,1,0,0,1
191,45,0,0,0,0,0,0,10,10,0,12,1.53,1,1,0,1,1
192,33,0,0,1,0,0,0,2,15,0,12,1.5,1,1,0,1,1
193,57,1,0,0,0,0,1,16,10,0,12,1.29,1,1,0,1,1
194,57,0,0,2,0,0,0,10,30,0,12,1.5,0,1,0,0,1
195,29,0,1,2,0,0,1,4,15,0,12,1.29,1,1,0,1,1
196,24,1,1,1,0,1,1,5,10,0,12,1.29,1,1,0,1,1
197,32,0,2,2,0,0,0,10,20,0,6,1.5,1,1,0,1,1
198,43,1,0,1,0,0,1,10,15,0,12,1.29,1,1,0,1,1
199,42,1,0,1,0,0,1,3,15,0,6,1.26,1,1,0,1,1
200,33,1,0,1,0,0,0,6,10,0,12,1.29,0,1,0,0,1
201,53,1,0,1,0,0,1,1,200,0,12,1.5,0,1,0,0,1
202,25,1,2,4,0,0,1,2,45,0,12,1.53,1,1,0,1,1
203,44,1,0,1,0,0,1,20,20,0,3,1.23,1,1,0,1,1
204,49,1,0,1,0,0,1,4,100,0,12,1.5,0,1,1,0,1
205,24,1,1,2,0,0,0,1,100,0,12,1.5,0,1,0,0,1
206,55,1,0,1,0,0,0,10,20,0,6,1.26,1,1,0,1,1
207,28,1,0,0,0,0,1,13,120,0,12,1.29,1,1,0,1,1
208,42,1,0,1,1,0,0,5,3,0,12,1.5,1,1,0,1,-1
209,49,0,0,0,0,0,1,10,100,0,12,1.5,0,1,0,0,1
210,25,1,0,2,1,0,0,4,70,0,9,1.29,0,1,0,0,1
211,35,1,0,2,0,0,1,5,50,0,6,1.5,0,1,0,0,1
212,39,1,0,1,0,0,0,17,30,0,12,1.5,0,1,0,1,1
213,25,1,0,2,1,0,1,4,30,0,12,1.29,1,1,0,1,1
214,48,1,0,2,1,0,1,7,100,0,12,1.5,0,1,0,0,1
215,34,1,0,3,0,0,0,7,60,0,12,1.53,1,1,0,1,-1
216,41,1,0,2,0,0,1,18,50,0,12,1.5,1,1,0,1,1
217,52,1,0,1,0,0,1,20,50,0,6,1.5,1,0,0,1,1
218,48,1,0,0,0,0,1,9,500,0,6,1.5,0,1,1,0,1
219,32,1,0,1,0,0,0,4,20,0,12,1.29,0,1,0,0,1
220,33,1,0,2,0,0,1,4,100,0,12,1.53,1,1,0,1,-1
221,41,1,0,1,0,0,1,8,20,0,12,1.29,0,1,0,0,1
222,37,1,0,1,0,1,1,6,15,0,12,1.29,0,1,0,0,1
223,29,1,0,4,0,0,0,5,100,0,12,1.5,0,1,0,0,1
224,36,1,0,2,0,0,0,15,30,0,12,1.29,0,1,1,0,1
225,28,0,1,3,0,1,0,4,10,0,12,1.53,1,1,0,1,1
226,45,1,0,1,0,0,1,10,40,0,12,1.53,0,1,0,0,1
227,49,1,0,0,0,0,1,3,50,0,12,1.53,1,1,0,1,1
228,44,1,0,1,0,0,1,3,50,0,12,1.5,0,1,0,0,1
229,38,1,0,1,0,0,0,12,30,0,6,1.26,0,1,0,0,1
230,47,0,0,0,0,0,0,20,10,0,6,1.26,1,1,0,1,1
231,44,1,0,0,0,0,1,15,20,0,3,1.23,0,1,0,0,1
232,28,0,0,4,0,0,0,3,75,0,12,1.5,0,1,0,0,1
233,49,1,0,0,0,0,1,3,40,0,12,1.53,0,1,0,0,1
234,34,1,0,4,0,0,1,6,45,0,6,1.47,0,1,1,0,1
235,50,1,0,2,0,0,0,20,10,0,2,1.47,1,1,0,1,1
236,43,1,0,1,0,0,1,11,50,0,12,1.53,1,0,0,1,1
237,49,1,0,0,0,0,1,20,20,0,9,1.29,1,1,0,1,1
238,31,1,0,4,0,0,1,6,20,0,9,1.29,1,1,0,1,1
239,46,1,0,1,0,0,1,8,100,0,12,1.5,0,1,0,0,1
240,33,1,0,1,0,1,1,11,30,0,9,1.29,1,1,0,1,1
241,58,1,0,0,0,0,1,3,20,0,12,1.53,1,1,0,1,1
242,48,1,0,1,0,0,0,10,20,0,12,1.53,1,1,0,1,1
243,29,0,0,2,0,0,1,2,30,0,12,1.53,0,1,0,0,1
244,49,1,0,0,0,0,1,3,30,0,12,1.53,1,1,0,1,1
245,50,1,0,0,0,0,0,2,20,0,12,1.53,1,1,0,1,-1
246,52,1,0,0,1,0,0,10,3,0,6,1.5,1,1,0,1,-1
247,53,1,0,1,0,0,1,20,7,0,12,1.53,1,1,0,1,1
248,30,1,0,1,0,0,1,5,10,0,12,1.53,0,1,0,0,1
249,43,1,0,1,0,0,0,13,100,0,12,1.29,0,1,0,0,1
250,23,1,1,1,0,1,0,3,15,0,6,1.26,1,0,0,1,1
251,44,1,0,3,0,0,0,6,50,0,12,1.5,0,1,0,0,1
252,39,1,0,4,0,0,0,5,260,0,12,1.5,0,1,1,0,1
253,42,1,0,4,0,0,0,3,260,0,6,1.35,1,1,0,1,1
254,41,1,0,4,0,0,0,1,260,0,6,1.35,1,1,0,1,1
255,43,1,0,4,0,0,0,1,240,0,6,1.35,1,1,0,1,1
256,48,1,0,3,0,0,0,7,240,0,6,1.35,1,1,0,1,1
257,43,0,0,0,0,0,0,8,260,0,12,1.5,0,1,0,0,1
258,48,1,0,4,0,0,0,10,140,0,12,1.35,1,1,0,1,1
259,32,0,0,2,0,0,1,4,50,0,12,1.53,1,1,0,1,1
260,41,1,0,1,0,0,0,3,100,0,12,1.29,0,1,0,0,1
261,42,0,0,1,0,0,0,15,100,0,12,1.5,0,1,0,0,1
262,38,1,0,1,0,0,0,12,200,0,12,1.29,1,0,0,1,1
263,32,1,1,2,0,0,1,3,15,0,12,1.53,1,0,0,1,1
264,43,1,0,1,0,0,1,10,15,0,12,1.29,1,0,0,1,1
265,41,1,0,2,0,0,1,18,70,0,12,1.29,1,0,0,1,1
266,36,0,2,1,0,0,1,4,85,0,12,1.5,1,1,1,0,1
267,30,1,0,1,0,0,1,10,80,0,12,1.5,0,1,1,0,1
268,37,1,0,1,0,0,0,12,100,0,12,1.29,0,1,0,0,1
269,54,0,0,2,0,0,1,10,100,0,12,1.5,0,1,0,0,1
270,44,1,0,4,0,0,0,5,260,0,12,1.5,1,0,0,1,1
271,25,1,0,2,1,0,1,4,70,0,12,1.29,1,0,0,1,1
272,33,1,0,2,0,0,1,4,50,0,12,1.5,0,1,0,0,1
273,32,1,0,1,0,0,0,6,10,0,12,1.53,0,1,0,1,1
274,35,0,0,2,0,0,0,6,15,0,12,1.5,0,1,0,1,1
275,35,1,0,2,0,0,1,5,100,0,12,1.5,0,1,0,1,1
276,41,1,0,2,0,0,0,10,200,0,12,1.5,0,1,0,0,1
277,32,1,0,2,0,0,0,5,200,0,12,1.5,0,1,0,0,1
278,46,1,0,0,1,0,0,5,3,0,12,1.5,1,1,0,1,-1
279,57,0,0,0,0,0,0,20,30,0,6,1.47,0,1,0,0,1
280,39,0,0,1,0,0,1,10,80,0,12,1.29,0,1,0,0,1
281,40,1,0,2,0,0,1,8,20,0,12,1.5,0,1,1,0,1
282,44,1,0,1,0,0,1,12,30,0,12,1.53,1,1,0,1,1
283,55,1,0,1,0,0,1,8,120,0,12,1.5,0,1,0,0,1
284,26,0,0,2,0,1,1,5,5,0,12,1.53,1,1,0,1,1
285,29,1,0,4,0,0,1,4,200,0,9,1.323,0,1,0,0,1
286,29,1,0,4,0,0,1,3,100,0,12,1.35,1,1,1,1,1
287,35,1,0,1,0,0,1,5,60,0,12,1.5,0,1,0,0,1
288,44,1,0,4,0,0,0,3,100,0,6,1.5,1,1,0,1,1
289,49,1,0,2,1,0,1,8,100,0,12,1.5,0,1,0,1,1
290,35,1,0,3,0,0,1,4,50,0,12,1.5,0,1,0,0,1
291,36,1,0,2,0,0,1,7,50,0,12,1.5,0,1,0,0,1
292,51,1,0,0,0,0,1,13,25,0,12,1.29,0,1,0,1,1
293,26,1,0,2,1,0,1,5,100,0,12,1.29,1,0,0,1,1
294,30,1,0,2,0,0,0,10,40,0,12,1.29,0,1,0,1,1
295,31,1,1,2,0,0,1,5,100,0,12,1.29,1,1,0,1,1
296,40,1,0,0,0,0,1,11,100,0,12,1.29,0,1,0,0,1
297,35,1,0,4,0,0,1,7,50,0,12,1.5,0,1,1,0,1
298,32,1,1,2,0,0,1,6,90,0,12,1.29,0,1,0,0,1
299,51,1,2,1,0,0,1,14,15,0,12,1.29,1,1,1,1,1
300,45,1,0,1,0,0,1,16,50,0,12,1.29,0,1,0,0,1
301,28,1,0,2,0,0,1,13,30,0,12,1.29,0,1,0,0,1
302,35,1,0,4,0,0,0,8,80,0,12,1.29,0,1,0,0,1
303,38,1,0,1,0,1,1,10,50,0,12,1.29,1,1,1,1,1
304,37,1,0,1,1,0,0,3,3,0,6,1.5,1,1,0,1,-1
305,50,1,0,1,0,0,1,20,50,0,12,1.29,1,1,1,1,1
306,54,1,0,1,0,0,1,3,200,0,12,1.5,0,1,0,0,1
307,58,1,0,0,0,0,1,17,10,0,12,1.29,1,1,0,1,1
308,25,1,1,1,0,1,1,6,20,0,12,1.29,1,0,0,1,1
309,30,0,1,2,0,0,1,5,15,0,12,1.29,1,0,0,1,1
310,34,0,0,1,0,0,1,3,15,0,12,1.5,1,1,0,1,1
311,39,1,0,2,0,0,0,9,100,0,12,1.5,0,1,0,0,1
312,54,1,0,2,0,0,0,11,100,0,3,1.47,1,1,0,1,1
313,56,1,0,1,0,0,0,20,30,0,6,1.47,0,1,0,0,1
314,29,1,0,4,0,0,1,4,100,0,12,1.17,0,1,0,0,1
315,29,1,0,2,1,0,1,7,120,0,12,1.29,1,1,0,1,1
316,56,1,0,0,0,0,1,18,30,0,6,1.26,1,1,0,1,1
317,50,1,0,1,0,0,1,5,50,0,12,1.41,0,1,0,0,1
318,49,1,0,2,1,0,1,8,100,0,12,1.41,0,1,0,1,1
319,36,1,0,2,0,0,1,5,150,0,12,1.41,0,1,0,0,1
320,40,1,0,4,0,0,1,6,260,0,12,1.47,0,1,1,0,1
321,42,1,0,2,0,0,1,18,50,0,12,1.41,0,1,0,0,1
322,34,1,0,4,0,0,0,3,50,0,6,1.47,1,1,0,1,1
323,50,1,0,0,0,0,1,20,25,0,12,1.26,1,1,0,1,1
324,45,1,0,4,0,0,1,6,260,0,12,1.5,1,0,0,1,1
325,45,1,0,1,0,0,0,4,15,0,12,1.26,0,1,0,1,1
326,38,1,0,2,0,0,0,16,30,0,3,1.44,1,1,0,1,1
327,38,1,0,1,0,1,1,7,15,0,12,1.26,0,1,0,0,1
328,44,1,0,1,0,0,1,10,30,0,12,1.26,1,0,0,1,1
329,50,1,0,0,0,0,1,4,50,0,12,1.5,1,1,0,1,1
330,49,0,0,0,0,0,0,6,200,0,12,1.5,1,1,0,1,1
331,47,1,0,3,0,0,0,16,100,0,12,1.5,0,1,0,0,1
332,46,1,0,1,0,0,1,10,50,0,12,1.41,1,1,0,1,1
333,31,1,0,2,1,1,0,4,4,0,3,1.35,1,1,0,1,-1
334,35,0,2,2,0,0,0,7,60,0,12,1.5,1,1,0,1,1
335,29,0,1,3,0,1,1,5,5,0,12,1.5,1,1,0,1,1
336,57,1,0,0,0,1,0,11,20,0,7,1.26,1,1,0,1,1
337,42,1,0,2,0,0,0,15,200,0,12,1.5,0,1,0,0,1
338,45,0,0,2,0,0,0,10,200,0,12,1.5,1,1,0,1,1
339,45,1,0,1,2,0,0,7,25,0,12,1.41,0,1,0,0,1
340,33,1,1,2,0,0,1,4,15,0,12,1.5,1,0,0,1,1
341,29,1,1,4,0,1,0,4,10,0,12,1.5,1,1,0,1,1
342,55,1,0,0,0,0,0,20,10,0,12,1.5,1,1,0,1,1
343,31,1,0,1,0,0,1,6,10,0,12,1.5,1,1,0,1,-1
344,38,1,0,1,0,0,1,13,100,0,12,1.26,1,1,0,1,1
345,33,1,0,0,2,0,0,5,30,0,6,1.38,0,1,0,0,1
346,43,0,0,1,0,0,1,16,15,0,12,1.5,0,1,0,0,1
347,30,0,0,2,0,0,1,3,30,0,12,1.5,0,1,0,0,1
348,30,1,0,1,0,0,1,10,120,0,12,1.41,0,1,1,0,1
349,44,1,0,1,0,0,1,14,100,0,12,1.26,1,1,0,1,1
350,50,1,0,0,0,0,1,4,30,0,12,1.5,1,1,0,1,1
351,28,1,0,3,0,0,0,4,50,0,12,1.41,0,1,0,0,1
352,49,1,0,4,0,0,1,10,140,0,12,1.35,1,1,0,1,1
353,56,1,0,0,0,0,1,18,30,0,6,1.23,1,1,0,1,1
354,33,0,0,2,0,0,1,5,30,0,12,1.5,1,1,0,1,1
355,42,1,0,2,0,0,1,18,70,0,12,1.26,1,1,0,1,1
356,36,0,2,1,0,0,1,5,85,0,12,1.41,1,1,0,0,1
357,34,1,0,2,0,0,1,5,100,0,12,1.41,0,1,0,0,1
358,26,1,0,2,1,0,1,5,70,0,12,1.26,1,1,0,1,1
359,30,1,0,1,0,0,1,10,80,0,12,1.41,0,1,1,0,1
360,40,1,0,1,0,0,1,20,100,0,12,1.26,1,1,0,1,1
361,42,1,0,1,0,0,1,4,5,0,12,1.23,1,1,0,1,1
362,33,1,0,1,0,0,1,7,10,0,12,1.5,0,1,0,1,1
363,27,0,0,3,0,0,0,3,50,0,6,1.47,0,1,0,0,1
364,34,1,0,2,0,0,0,8,20,0,9,1.5,0,1,0,0,1
365,24,1,1,4,0,0,1,2,260,0,12,1.41,0,1,0,0,1
366,45,1,0,1,0,0,1,4,3,0,12,1.5,1,1,0,1,1
367,41,1,0,2,0,0,1,9,25,0,12,1.5,1,1,0,1,1
368,37,1,0,2,0,0,1,7,100,0,12,1.41,0,1,0,1,1
369,41,0,0,1,0,0,1,12,80,0,12,1.26,0,1,0,0,1
370,44,0,0,1,0,0,1,16,60,0,12,1.5,0,1,0,0,1
371,40,0,0,2,0,0,0,10,100,0,12,1.41,0,1,0,0,1
372,45,1,0,1,0,0,1,13,30,0,12,1.5,1,1,0,1,1
373,46,0,2,2,0,0,1,8,60,0,12,1.47,1,1,0,1,1
374,50,1,0,2,1,0,1,9,100,0,12,1.41,0,1,0,0,1
375,44,1,0,1,0,0,1,20,100,0,6,1.23,0,1,0,0,1
376,32,1,0,4,0,0,0,8,30,0,12,1.5,0,1,0,0,1
377,30,1,0,2,1,0,1,8,100,0,12,1.26,0,1,0,1,1
378,58,1,0,0,0,0,0,20,30,0,6,1.38,0,1,0,0,1
379,36,1,0,3,0,0,1,5,50,0,12,1.5,1,1,0,1,1
380,41,1,0,3,1,0,0,20,80,0,12,1.41,0,1,0,0,1
381,35,1,0,1,0,0,1,8,30,0,12,1.26,1,1,0,1,1
382,33,1,0,1,0,0,1,13,100,0,12,1.26,0,1,0,0,1
383,36,1,0,2,0,1,1,9,80,0,12,1.26,1,1,0,1,1
384,29,1,0,0,0,1,1,13,50,0,12,1.26,0,1,0,0,1
385,46,1,0,0,0,1,1,17,50,0,12,1.26,0,1,0,0,1
386,63,0,0,0,0,0,1,8,100,0,12,1.41,0,1,0,0,1
387,31,1,0,2,0,0,0,8,70,0,12,1.41,0,1,0,0,1
388,62,1,0,3,0,0,0,30,10,0,12,1.5,1,1,0,1,1
389,43,1,0,1,0,0,1,5,70,0,12,1.26,0,1,0,0,1
390,39,1,0,1,0,1,1,10,50,0,12,1.26,1,1,1,1,1
391,31,0,0,1,0,1,1,6,15,0,12,1.26,1,1,0,1,1
392,52,1,2,1,0,0,1,15,10,0,12,1.26,1,1,0,1,1
393,26,1,1,1,0,1,1,7,20,0,12,1.26,1,0,0,1,1