1,2.7,0,1,2,0,1,0,1,1,0,1,1.5,1.95,0.5,1,1,1
2,5.2,1,1,0,0,1,0,0.3,0.5,0,0.25,1.44,1.87,0.5,1,1,1
3,2.6,0,1,2,0,1,0,0.3,1.8,0,1,1.5,1.95,0.5,1,1,-1
4,4.9,1,1,0,0,1,0,1.1,5,0,1,1.5,1.95,0.5,1,1,1
5,2.6,1,0,2,1,0,0,0.3,0.5,0,0.5,1.5,1.95,0.5,3,0,-1
6,2.4,1,1,1,0,1,0,0.2,1,0,1,1.5,1.95,3,1,1,1
7,4.7,1,1,0,0,1,0,0.1,2,0,0.75,1.53,1.99,2,1,1,1
8,2.3,0,1,2,0,1,0,0.2,0.3,0,1,1.53,1.99,4,3,0,1
9,3.1,1,1,2,0,1,0,0.01,5,0,0.42,1.47,1.91,0,1,0,1
10,2.7,0,1,2,0,1,0,0.05,0.6,0,1,1.5,1.95,0,1,1,1
11,4.1,1,1,1,0,1,0,0.6,10,0,0.5,1.47,1.91,2,1,1,1
12,2.7,1,1,5,0,1,0,0.4,0.3,1,0.5,1.47,1.91,4,1,1,1
13,4,1,1,1,0,1,0,0.03,0.3,0,1,1.5,1.95,0,1,1,1
14,2.9,1,1,1,0,1,0,1,5,0,1,1.5,1.95,0.5,1,1,1
15,6.1,1,1,3,0,1,0,2,3,2,0.08,1.44,1.87,0,1,1,1
16,5.8,1,1,0,0,1,0,1.2,10,0,0.25,1.44,1.87,0.5,1,1,1
17,3.4,1,1,3.5,0,1,0,0.8,0.5,3,1,1.5,1.95,4,1,1,1
18,4,1,1,1,0,1,0,0.5,1.5,0,0.5,1.47,1.91,0.5,1,1,1
19,5.2,1,1,1,0,1,0,2,0.4,0,1,1.53,1.99,0.5,3,0,1
20,4.5,0,1,0,0,1,0,1.5,2,3,1,1.5,1.95,0.5,1,1,1
21,4.7,1,1,0,0,1,0,0.8,40,4,0.5,1.47,1.91,1,1,1,1
22,3.5,1,1,2,0,1,0,0.2,1.5,5,1,1.53,1.99,4,3,1,1
23,2.8,1,0,2,7,1,0,0.1,0.9,0,0.5,1.47,1.91,0.5,1,1,1
24,4.3,1,1,0,0,1,0,1,4,6,1,1.5,1.95,0.5,1,0,-1
25,5.3,1,1,1,0,1,0,0.6,12,0,1,1.5,1.95,1,1,1,1
26,4.2,1,1,1,0,1,0,1,3,0,1,1.53,1.99,2,1,1,1
27,4,1,1,2,0,1,0,0.6,1.5,7,1,1.5,1.95,0.5,1,1,1
28,5.4,0,1,2,0,1,0,2.5,1.5,2,1,1.53,1.99,0,3,0,1
29,4.5,1,1,0,0,1,0,0.3,0.3,7,0.5,1.5,1.95,0.5,1,1,1
30,6.1,1,1,1,0,1,0,1,4,0,0.25,1.44,1.87,2,1,1,1
31,4,1,1,1,0,1,0,0.2,1,8,1,1.53,1.99,0.5,3,0,-1
32,4.1,1,1,1,0,1,0,0.7,1,3,1,1.53,1.99,0.5,3,0,1
33,2.9,0,0,2,0,1,0,0.2,5,5,1,1.53,1.99,0.5,1,1,1
34,3.1,1,1,1,0,1,0,0.3,2,0,1,1.5,1.95,0.5,1,1,1
35,5.6,1,1,1,0,1,0,0.01,5,0,0.25,1.44,1.87,2,1,1,1
36,4.2,1,1,1,0,1,0,1,2,0,1,1.5,1.95,0.5,1,1,1
37,5,1,1,0,1,1,0,0.5,0.19,0,1,1.5,1.95,0.5,3,0,-1
38,2.6,1,1,0,0,1,0,0.5,0.2,2,1,1.53,1.99,0.5,3,0,1
39,4.8,1,1,1,0,1,0,2,0.7,0,1,1.53,1.99,0.5,3,0,1
40,5.3,1,1,0,0,1,1,0.4,1,0,1,1.5,1.95,0.5,1,1,1
41,4,1,1,1,0,1,0,1,1.5,0,1,1.5,1.95,0,1,1,1
42,4,1,1,2,0,1,0,0.6,2,0,1,1.5,1.95,0.5,1,1,1
43,4,0,1,2,0,1,0,0.2,1,0,1,1.5,1.95,0.5,1,1,1
44,3.1,1,1,2,0,1,0,0.2,1,0,1,1.53,1.99,0.5,3,0,1
45,6,0,1,0,0,1,0,0.5,10,0,1,1.5,1.95,0.5,1,1,1
46,3.1,1,1,3.5,0,1,0,0.5,12,2,0.5,1.47,1.91,0.5,1,1,1
47,4.2,1,-1,3.5,0,1,0,0.1,5,0,1,1.53,1.99,0.5,3,0,-1
48,5.2,1,1,1,0,1,0,0.05,20,0,1,1.5,1.95,0.5,1,1,1
49,3.8,0,1,2,0,1,0,1.6,2,0,1,1.5,1.95,0.5,1,1,1
50,3.8,0,1,2,0,1,0,1.6,2,0,1,1.5,1.95,0.5,1,1,1
51,3.6,1,1,1,0,1,0,0.3,6,0,1,1.5,1.95,0.5,1,1,1
52,3.3,1,1,3.5,0,1,0,0.2,5,0,1,1.5,1.95,0.5,1,1,1
53,3.2,0,1,2,0,1,0,0.2,1,0,1,1.5,1.95,0.5,1,1,1
54,3.3,1,1,1,0,1,1,0.2,1,0,1,1.5,1.95,0.5,1,1,1
55,5,1,1,0,0,1,1,1.2,2,0,0.33,1.47,1.91,0.5,1,1,1
56,2.9,1,1,1,0,0,0,0.2,1,0,1,1.53,1.99,0.5,3,0,-1
57,5.4,0,1,0,0,1,0,0,0.7,0,1,1.5,1.95,0.5,1,1,-1
58,2.5,1,1,4.5,3,1,0,0.2,0.8,9,1,1.53,1.99,0.5,3,0,-1
59,5.7,1,1,0,0,1,0,0.2,2,0,1,1.53,1.99,2,3,0,1
60,4.8,1,1,1,0,1,0,0.4,3,0,1,1.5,1.95,2,1,0,1
61,3.9,1,1,1,0,1,0,0.9,0.5,0,1,1.5,1.95,0.5,1,1,1
62,3.1,0,1,2,0,1,0,0.3,2,0,1,1.53,1.99,0.5,3,0,1
63,3.6,1,1,4.5,0,1,0,0.6,1,0,1,1.5,1.95,0.5,1,1,1
64,3.8,1,1,1,0,1,0,0.7,2,0,1,1.53,1.99,0.5,3,0,1
65,5.2,1,1,2,0,1,0,0.5,10,0,1,1.5,1.95,0.5,1,1,1
66,3.1,1,1,2,0,1,0,1.1,5,0,1,1.5,1.95,0.5,1,1,1
67,3.2,1,1,1,0,1,0,0.5,1.5,0,1,1.5,1.95,0.5,1,1,1
68,4,1,1,1,0,1,1,0.5,2,0,1,1.5,1.95,0.5,1,1,1
69,4.3,1,1,1,0,1,0,0.2,5,0,1,1.5,1.95,0.5,1,1,1
70,4.1,1,1,1,0,1,1,0.6,10,0,1,1.5,1.95,0.5,1,1,1
71,4.7,1,1,1,0,1,0,0.2,0.8,0,1,1.5,1.95,0.5,1,1,1
72,2.7,1,1,5,0,1,1,0.4,0.3,1,1,1.5,1.95,4,1,1,1
73,5.2,1,1,0,1,1,0,0.3,0.3,0,0.5,1.5,1.95,0.5,3,0,-1
74,4.7,1,1,0,0,1,1,0.8,10,0,1,1.5,1.95,0.5,1,1,1
75,3.7,1,1,1,0,0,0,0.7,0.2,0,1,1.5,1.95,0.5,3,0,1
76,5.3,1,1,1,0,1,1,0.6,6,0,1,1.5,1.95,0.5,1,1,1
77,4.8,1,1,0,0,1,0,1,10,0,1,1.5,1.95,0.5,1,1,1
78,2.9,1,1,1,0,1,1,1,10,0,1,1.5,1.95,0.5,1,1,1
79,4,1,1,1,0,1,0,0.3,2,0,0.5,1.47,1.91,0.5,1,1,1
80,2.7,1,0,5,0,1,0,0.4,13,0,0.25,1.5,1.95,0.5,3,0,1
81,3.3,1,1,1,0,1,0,0.3,4,0,1,1.53,1.99,0.5,3,0,1
82,3.4,1,1,2,0,1,0,1.4,1,0,1,1.53,1.99,0.5,3,0,1
83,2.8,1,1,1,0,1,0,0.2,2,0,1,1.5,1.95,0.5,3,0,1
84,2.7,1,0,3.5,0,1,0,0.2,1,0,1,1.53,198900,0.5,1,1,1
85,5.6,1,1,1,0,1,0,0.4,5,0,1,1.5,1.95,0.5,3,0,1
86,4.8,1,1,1,0,1,0,0.4,0.6,0,1,1.5,1.95,2,1,1,1
87,3.4,1,1,1,0,1,0,0.4,1,0,1,1.53,1.99,0.5,3,0,1
88,3.3,1,1,5,0,1,0,0.3,5,0,0.25,1.47,1.91,0.5,1,1,1
89,3.3,1,1,2,2,1,0,0.2,20,0,1,1.5,1.95,0.5,1,0,-1
90,3.2,0,1,2,0,1,0,0.3,1.5,0,1,1.53,1.99,0.5,1,0,1
91,5.9,1,1,0,0,1,1,1.3,6,0,1,1.5,1.95,0.5,1,1,1
92,3.1,1,1,2,0,1,0,0.6,1,0,1,1.53,1.99,0.5,3,0,1
93,3.2,1,1,2,0,1,0,0.2,4,0,1,1.5,1.95,0.5,1,1,1
94,2.8,0,1,2,0,1,1,0.1,5,0,1,1.5,1.95,0.5,1,1,1
95,4.8,1,1,0,0,1,1,0.2,5,0,1,1.53,1.99,2,3,0,1
96,3.2,1,1,2,0,1,0,0.3,10,0,1,1.53,1.99,0.5,3,0,1
97,3.6,1,1,1,0,1,0,0.5,1,0,1,1.53,1.99,0.5,3,0,1
98,4,1,1,1,1,1,0,0.3,0.5,0,0.5,1.5,1.95,0.5,3,0,-1
99,2.7,1,1,5,0,1,0,0.1,2,0,0.5,1.26,1.64,5,2,0,1
100,3,1,1,0,0,1,0,0.2,1,0,0.5,1.26,1.64,0.5,2,0,1
101,4.8,1,1,0,0,1,0,0.1,1,0,0.5,1.26,1.64,0.5,2,0,1
102,5.5,1,1,0,0,1,0,2,1,0,0.5,1.26,1.64,0.5,2,0,1
103,3.3,1,1,2,0,1,0,0.8,1.5,0,1,1.5,1.95,0.5,2,1,1
104,4.8,1,1,0,0,1,1,0.2,2,0,1,1.53,1.99,2,2,0,1
105,4.2,1,1,1,0,1,1,1,5,0,1,1.53,1.99,2,2,0,1
106,2.7,1,1,5,0,1,0,0.4,10,0,0.25,1.5,1.95,0.5,3,0,1
107,4.7,1,1,1,0,1,0,1,3,0,1,1.5,1.95,0.5,1,1,1
108,2.3,1,0,1,0,0,0,0.4,1,0,0.5,1.26,1.64,0.5,2,0,1
109,4.1,1,1,1,0,1,0,1,1,0,1,1.5,1.95,0.5,2,1,1
110,3.7,1,1,2,0,1,0,0.4,0.3,0,0.5,1.26,1.64,0.5,4,0,1
111,4.5,1,1,1,0,1,0,0.7,10,0,1,1.5,1.95,0.5,2,1,1
112,4.1,1,1,1,0,1,0,1.3,1.5,0,0.5,1.26,1.64,0.5,4,0,1
113,3.4,1,1,2,0,1,0,0.5,2,0,1,1.53,1.99,0.5,3,0,1
114,2.5,1,0,5,0,0,0,0.1,0.4,0,1,1.53,1.99,0.5,3,0,1
115,4.3,1,1,1,0,1,0,1,1,0,0.5,1.26,1.64,4,4,0,1
116,3.4,1,1,3.5,0,0,0,0.3,1,0,0.5,1.26,1.64,0.5,3,0,1
117,2.8,1,1,3.5,0,1,0,0.3,3,0,1,1.5,1.95,0.5,1,1,1
118,2.8,1,1,3.5,0,1,0,0.3,1,0,1,1.5,1.95,0.5,1,1,1
119,2.8,1,0,3.5,0,0,0,0.2,1.2,0,0.5,1.26,1.64,0.5,3,0,1
120,3.6,1,1,1,0,1,1,0.5,1,0,1,1.53,1.99,0.5,3,0,1
121,4.2,1,1,1,0,1,0,1,2.5,0,0.5,1.26,1.64,2,2,0,1
122,2.9,1,1,1,0,0,0,0.3,0.6,0,0.5,1.26,1.64,0.5,4,0,1
123,2.9,1,1,1,0,1,0,0.4,1,0,1,1.53,1.99,0.5,2,1,1
124,3.5,0,-1,1,0,1,0,0.3,8.5,0,1,1.5,1.95,0.5,1,1,1
125,4.3,1,1,1,0,1,0,2,2,0,0.25,1.23,1.6,2,3,0,1
126,4.7,1,1,0,1,1,0,0.1,0.5,0,0.25,1.35,1.76,0.5,3,0,-1
127,4.1,1,1,1,0,1,0,0.3,0.6,0,0.5,1.26,1.64,0.5,4,0,1
128,3,1,1,2.5,0,1,0,0.5,2,0,0.25,1.23,1.6,0.5,4,0,1
129,4.9,1,-1,1,0,1,0,1.3,1.5,0,0.33,1.26,1.64,0.5,4,0,1
130,2.5,1,0,5,0,0,0,0.2,2,0,0.5,1.26,1.64,0.5,4,0,1
131,3.2,0,1,2,0,1,1,0.3,5,0,1,1.53,1.99,0.5,3,0,1
132,3,1,1,2,0,1,0,0.7,0.7,0,1,1.5,1.95,0.5,2,1,1
133,4.8,1,1,1,0,1,0,0.7,1,0,1,1.53,1.99,0.5,3,0,1
134,2.8,1,0,5,0,1,0,0.4,0.3,0,0.25,1.44,1.87,0.5,1,1,1
135,3.3,1,1,1,0,1,0,0.4,5,0,1,1.53,1.99,0.5,3,0,1
136,3.6,1,1,1,0,0,0,1,3,0,0.33,1.26,1.64,0.5,4,0,1
137,3.8,1,1,0,0,1,0,1,7.5,0,0.33,1.26,1.64,4,4,0,1
138,2.7,1,1,5,0,1,0,0.2,8,0,0.5,1.32,1.72,0.5,2,1,1
139,3.2,1,1,1,0,0,0,1,2,0,0.25,1.23,1.6,0.5,4,0,1
140,3,1,0,2,0,1,0,0.4,8,0,0.33,1.26,1.64,0.5,4,0,1
141,4.2,1,1,1,0,1,0,0.5,10,0,1,1.5,1.95,0.5,2,1,1
142,3.4,1,1,0,0,1,0,0.5,7,0,1,1.5,1.95,0.5,2,1,1
143,3.4,0,1,1,0,1,0,0.5,1.5,0,1,1.5,1.95,0.5,2,1,1
144,5.3,1,1,0,0,1,0,0.2,0.7,0,1,1.53,1.99,0.5,3,0,1
145,4,1,1,2,0,1,1,0.6,2.5,7,1,1.5,1.95,0.5,3,0,1
146,4.1,1,1,1,0,1,1,1.3,2,0,0.5,1.26,1.64,0.5,4,0,1
147,3.1,1,0,2,0,1,0,0.2,1,0,1,1.53,1.99,0.5,3,0,1
148,3.4,1,1,2,0,1,0,0.4,3,0,0.5,1.47,1.91,0.5,2,1,1
149,3,1,1,2.5,0,1,0,0.2,6,0,0.5,1.47,1.91,0.5,2,1,1
150,3.4,1,1,1,0,1,1,0.4,6,0,1,1.5,1.95,0.5,2,1,1
151,2.5,0,1,2,0,1,1,0.4,0.5,0,1,1.53,1.99,4,3,0,1
152,3.3,1,1,1,0,1,0,1.3,1,0,0.75,1.29,1.68,0.5,2,1,1
153,2.9,0,1,2,0,1,0,0.3,1.5,0,0.25,1.23,1.6,0.5,3,0,1
154,3.2,0,1,2,0,1,0,0.5,5,0,1,1.5,1.95,0.5,2,1,1
155,5.1,1,1,0,1,1,0,0.5,0.3,0,0.5,1.5,1.95,0.5,3,0,-1
156,3.9,0,1,1,0,1,0,1,5,0,0.5,1.47,1.91,0.5,2,1,1
157,4.3,1,1,1,0,1,1,1.1,3,0,1,1.53,1.99,2,3,0,1
158,5.2,1,1,1,0,1,0,2,2,0,0.5,1.26,1.64,0.5,1,0,1
159,4.4,1,1,1,0,1,0,0.5,3,0,1,1.53,1.99,0.5,2,0,1
160,5.4,1,1,1,0,1,1,0.7,12,0,1,1.5,1.95,1,1,1,1
161,4.3,1,1,1,0,1,1,0.2,1,0,1,1.53,1.99,0.5,3,0,1
162,3.4,1,1,5,0,1,0,0.6,2.5,0,0.5,1.5,1.95,0.5,3,0,1
163,3.7,1,1,1,0,0,1,1,2,0,0.25,1.44,1.87,0.5,2,1,1
164,4,1,1,0,0,1,0,1,1,0,1,1.5,1.95,0.5,2,1,1
165,3.1,0,1,5,0,1,0,0.6,3,0,1,1.5,1.95,4,2,1,1
166,4.1,1,1,1,0,1,0,0.8,2,0,0.5,1.26,1.64,4,2,0,1
167,3.4,1,1,1,0,0,0,0.6,1.5,0,0.5,1.26,1.64,0.5,2,1,1
168,3.4,1,1,3.5,0,1,1,0.3,5,0,1,1.5,1.95,0.5,2,1,1
169,2.9,1,1,2,0,1,1,0.5,4.5,0,1,1.5,1.95,0.5,2,1,1
170,4.3,1,1,1,0,1,1,0.6,2,0,1,1.5,1.95,0.5,2,1,1
171,4.5,1,1,1,0,1,0,1,0.5,0,0.25,1.5,1.95,0.5,2,1,1
172,4.8,1,1,2,1,1,0,0.7,10,0,1,1.5,1.95,2,2,1,1
173,3.4,1,1,3.5,0,1,1,0.3,2,0,1,1.5,1.95,0.5,2,1,1
174,5,1,1,0,0,1,0,1.3,2.5,0,1,1.29,1.68,0.5,2,1,1
175,5,1,-1,1,0,1,1,1.3,1.5,0,1,1.29,1.68,0.5,4,0,1
176,3.3,1,1,3.5,0,1,0,0.7,4,0,0.5,1.47,1.91,0.5,2,1,1
177,5.6,1,1,0,0,1,1,2,1.5,0,1,1.29,1.68,0.5,3,0,1
178,4.4,1,1,1,1,1,0,0.3,1.3,0,0.5,1.5,1.95,0.5,3,0,-1
179,3.3,1,1,1,0,0,0,1,1,0,0.5,1.26,1.64,0.5,3,0,1
180,3.8,1,1,1,0,1,0,0.4,0.3,0,0.5,1.26,1.64,0.5,4,0,1
181,3,0,1,2,0,1,1,0.3,2,0,1,1.5,1.95,0.5,2,1,1
182,4.1,1,1,2,0,1,1,0.7,2,0,1,1.5,1.95,0.5,2,1,1
183,3.9,0,1,2,0,1,1,1.6,8,0,1,1.5,1.95,0.5,2,1,1
184,2.7,1,1,0,0,1,0,1.3,3,0,1,1.29,1.68,0.5,3,0,1
185,3.9,1,1,0,0,1,1,1,8,0,1,1.29,1.68,4,2,0,1
186,4.4,1,1,0,0,1,1,1.5,4,0,1,1.29,1.68,0.5,2,0,1
187,3.7,1,1,1,0,0,1,1,2,0,1,1.29,1.68,0.5,2,0,1
188,3.1,1,0,2,0,1,1,0.4,8,0,1,1.29,1.68,0.5,2,0,1
189,3,1,1,1,0,1,1,1,8,0,1,1.29,1.68,0.5,2,0,1
190,6.1,0,1,0,0,1,1,0.6,10,0,1,1.5,1.95,0.5,2,1,1
191,4.5,0,1,0,0,1,0,1,1,0,1,1.53,1.99,0.5,3,0,1
192,3.3,0,1,1,0,1,0,0.2,1.5,0,1,1.5,1.95,0.5,3,0,1
193,5.7,1,1,0,0,1,1,1.6,1,0,1,1.29,1.68,0.5,3,0,1
194,5.7,0,1,2,0,1,0,1,3,0,1,1.5,1.95,0.5,2,1,1
195,2.9,0,0,2,0,1,1,0.4,1.5,0,1,1.29,1.68,0.5,3,0,1
196,2.4,1,0,1,0,0,1,0.5,1,0,1,1.29,1.68,0.5,3,0,1
197,3.2,0,-1,2,0,1,0,1,2,0,0.5,1.5,1.95,0.5,3,0,1
198,4.3,1,1,1,0,1,1,1,1.5,0,1,1.29,1.68,2,3,0,1
199,4.2,1,1,1,0,1,1,0.3,1.5,0,0.5,1.26,1.64,0.5,3,0,1
200,3.3,1,1,1,0,1,0,0.6,1,0,1,1.29,1.68,0.5,2,1,1
201,5.3,1,1,1,0,1,1,0.1,20,0,1,1.5,1.95,0.5,2,1,1
202,2.5,1,-1,3.5,0,1,1,0.2,4.5,0,1,1.53,1.99,0.5,3,0,1
203,4.4,1,1,1,0,1,1,2,2,0,0.25,1.23,1.6,0.5,3,0,1
204,4.9,1,1,1,0,1,1,0.4,10,0,1,1.5,1.95,2,1,1,1
205,2.4,1,0,2,0,1,0,0.1,10,0,1,1.5,1.95,0.5,2,1,1
206,5.5,1,1,1,0,1,0,1,2,0,0.5,1.26,1.64,0.5,3,0,1
207,2.8,1,1,0,0,1,1,1.3,12,0,1,1.29,1.68,0.5,3,0,1
208,4.2,1,1,1,1,1,0,0.5,0.3,0,1,1.5,1.95,0.5,3,0,-1
209,4.9,1,1,0,0,1,1,1,10,0,1,1.5,1.95,0.5,2,1,1
210,2.5,1,1,2,1,1,0,0.4,7,0,0.75,1.29,1.68,2,2,1,1
211,3.5,1,1,2,0,1,1,0.5,5,0,0.5,1.5,1.95,0.5,2,1,1
212,3.9,1,1,1,0,1,0,1.7,3,0,1,1.5,1.95,2,2,0,1
213,2.5,1,1,2,1,1,1,0.4,3,0,1,1.29,1.68,2,3,0,1
214,4.8,1,1,2,1,1,1,0.7,10,0,1,1.5,1.95,2,2,1,1
215,3.4,1,1,3.5,0,1,0,0.7,6,0,1,1.53,1.99,0.5,3,0,-1
216,4.1,1,1,2,0,1,1,1.8,5,0,1,1.5,1.95,0.5,3,0,1
217,5.2,1,1,1,0,1,1,2,5,0,0.5,1.5,1.64,0.5,2,0,1
218,4.8,1,1,0,0,1,1,0.9,50,4,0.5,1.5,1.95,1,1,1,1
219,3.2,1,1,1,0,1,0,0.4,2,0,1,1.29,1.68,2,2,1,1
220,3.3,1,1,2,0,1,1,0.4,10,0,1,1.53,1.99,0.5,3,0,-1
221,4.1,1,1,1,0,1,1,0.8,2,0,1,1.29,1.68,4,2,1,1
222,3.7,1,1,1,0,0,1,0.6,1.5,0,1,1.29,1.68,0.5,2,1,1
223,2.9,1,1,5,0,1,0,0.5,10,0,1,1.5,1.95,0.5,2,1,1
224,3.6,1,1,2,0,1,0,1.5,3,0,1,1.29,1.68,0.5,1,1,1
225,2.8,0,0,3.5,0,0,0,0.4,1,0,1,1.53,1.99,0.5,3,0,1
226,4.5,1,1,1,0,1,1,1,4,0,1,1.53,1.99,0.5,2,1,1
227,4.9,1,1,0,0,1,1,0.3,5,0,1,1.53,1.99,2,3,0,1
228,4.4,1,1,1,0,1,1,0.3,5,0,1,1.5,1.95,0.5,2,1,1
229,3.8,1,1,1,0,1,0,1.2,3,0,0.5,1.26,1.64,0.5,2,1,1
230,4.7,0,1,0,0,1,0,2,1,0,0.5,1.26,1.64,0.5,3,0,1
231,4.4,1,1,0,0,1,1,1.5,2,0,0.25,1.23,1.6,0.5,2,1,1
232,2.8,0,1,5,0,1,0,0.3,7.5,0,1,1.5,1.95,0.5,2,1,1
233,4.9,1,1,0,0,1,1,0.3,4,0,1,1.53,1.99,2,2,1,1
234,3.4,1,1,5,0,1,1,0.6,4.5,0,0.5,1.47,1.91,0.5,1,1,1
235,5,1,1,2,0,1,0,2,1,0,0.17,1.47,1.91,0.5,3,0,1
236,4.3,1,1,1,0,1,1,1.1,5,0,1,1.53,1.99,2,2,0,1
237,4.9,1,1,0,0,1,1,2,2,0,0.75,1.29,1.68,0.5,3,0,1
238,3.1,1,1,2.5,0,1,1,0.6,2,0,0.75,1.29,1.68,0.5,3,0,1
239,4.6,1,1,1,0,1,1,0.8,10,0,1,1.5,1.95,0.5,2,1,1
240,3.3,1,1,1,0,0,1,1.1,3,0,0.75,1.29,1.68,0.5,3,0,1
241,5.8,1,1,0,0,1,1,0.3,2,0,1,1.53,1.99,2,3,0,1
242,4.8,1,1,1,0,1,0,1,2,0,1,1.53,1.99,0.5,3,0,1
243,2.9,0,1,2,0,1,1,0.2,3,0,1,1.53,1.99,0,2,1,1
244,4.9,1,1,0,0,1,1,0.3,3,0,1,1.53,1.99,2,3,0,1
245,5,1,1,0,0,1,0,0.2,2,0,1,1.53,1.99,0.5,3,0,-1
246,5.2,1,1,0,1,1,0,1,0.3,0,0.5,1.5,1.95,0.5,3,0,-1
247,5.3,1,1,1,0,1,1,2,0.7,0,1,1.53,1.99,0.5,3,0,1
248,3,1,1,1,0,1,1,0.5,1,0,1,1.53,1.99,0.5,2,1,1
249,4.3,1,1,1,0,1,0,1.3,10,0,1,1.29,1.68,0.5,2,1,1
250,2.3,1,0,1,0,0,0,0.3,1.5,0,0.5,1.26,1.64,0.5,2,0,1
251,4.4,1,1,3.5,0,1,0,0.6,5,0,1,1.5,1.95,0.5,2,1,1
252,3.9,1,1,5,0,1,0,0.5,26,0,1,1.5,1.95,0.5,1,1,1
253,4.2,1,1,5,0,1,0,0.3,26,0,0.5,1.35,1.76,0.5,3,0,1
254,4.1,1,1,5,0,1,0,0.1,26,0,0.5,1.35,1.76,0.5,3,0,1
255,4.3,1,1,5,0,1,0,0.1,24,0,0.5,1.35,1.76,0.5,3,0,1
256,4.8,1,1,3.5,0,1,0,0.7,24,0,0.5,1.35,1.76,0.5,3,0,1
257,4.3,0,1,0,0,1,0,0.8,26,0,1,1.5,1.95,0.5,2,1,1
258,4.8,1,1,5,0,1,0,1,14,0,1,1.35,1.76,0.5,3,0,1
259,3.2,0,1,2,0,1,1,0.4,5,0,1,1.53,1.99,0.5,3,0,1
260,4.1,1,1,1,0,1,0,0.3,10,0,1,1.29,1.68,0.5,2,1,1
261,4.2,0,1,1,0,1,0,1.5,10,0,1,1.5,1.95,0.5,2,1,1
262,3.8,1,1,1,0,1,0,1.2,20,0,1,1.29,1.68,0.5,2,0,1
263,3.2,1,0,2,0,1,1,0.3,1.5,0,1,1.53,1.99,0.5,2,0,1
264,4.3,1,1,1,0,1,1,1,1.5,0,1,1.29,1.68,2,2,0,1
265,4.1,1,1,2,0,1,1,1.8,7,0,1,1.29,1.68,0.5,2,0,1
266,3.6,0,-1,1,0,1,1,0.4,8.5,0,1,1.5,1.95,0.5,1,1,1
267,3,1,1,1,0,1,1,1,8,0,1,1.5,1.95,0.5,1,1,1
268,3.7,1,1,1,0,1,0,1.2,10,0,1,1.29,1.68,0.5,2,1,1
269,5.4,0,1,2,0,1,1,1,10,0,1,1.5,1.95,0.5,2,1,1
270,4.4,1,1,5,0,1,0,0.5,26,0,1,1.5,1.95,0.5,2,0,1
271,2.5,1,1,2,1,1,1,0.4,7,0,1,1.29,1.68,2,2,0,1
272,3.3,1,1,2,0,1,1,0.4,5,0,1,1.5,1.95,0.5,2,1,1
273,3.2,1,1,1,0,1,0,0.6,1,0,1,1.53,1.99,0.5,2,0,1
274,3.5,0,1,2,0,1,0,0.6,1.5,0,1,1.5,1.95,0.5,2,0,1
275,3.5,1,1,2,0,1,1,0.5,10,0,1,1.5,1.95,0.5,2,0,1
276,4.1,1,1,2,0,1,0,1,20,0,1,1.5,1.95,0.5,2,1,1
277,3.2,1,1,2,0,1,0,0.5,20,0,1,1.5,1.95,0.5,2,1,1
278,4.6,1,1,0,1,1,0,0.5,0.3,0,1,1.5,1.95,0.5,3,0,-1
279,5.7,0,1,0,0,1,0,2,3,0,0.5,1.47,1.91,0.5,2,1,1
280,3.9,0,1,1,0,1,1,1,8,0,1,1.29,1.68,0.5,2,1,1
281,4,1,1,2,0,1,1,0.8,2,7,1,1.5,1.95,0.5,1,1,1
282,4.4,1,1,1,0,1,1,1.2,3,0,1,1.53,1.99,2,3,0,1
283,5.5,1,1,1,0,1,1,0.8,12,0,1,1.5,1.95,1,2,1,1
284,2.6,0,1,2,0,1,1,0.5,0.5,0,1,1.53,1.99,4,3,0,1
285,2.9,1,1,5,0,1,1,0.4,20,0,0.75,1.32,1.72,0.5,2,1,1
286,2.9,1,1,5,0,1,3,0.3,10,0,1,1.35,1.76,0.5,4,0,1
287,3.5,1,1,1,0,1,1,0.5,6,0,1,1.5,1.95,0.5,2,1,1
288,4.4,1,1,5,0,1,0,0.3,10,0,0.5,1.5,1.95,0.5,3,0,1
289,4.9,1,1,2,1,1,1,0.8,10,0,1,1.5,1.95,2,2,0,1
290,3.5,1,1,3.5,0,1,1,0.4,5,0,1,1.5,1.95,0.5,2,1,1
291,3.6,1,1,2,0,1,1,0.7,5,0,1,1.5,1.95,0.5,2,1,1
292,5.1,1,1,0,0,1,1,1.3,2.5,0,1,1.29,1.68,0.5,2,0,1
293,2.6,1,1,2,1,1,1,0.5,10,0,1,1.29,1.68,2,2,0,1
294,3,1,1,2,0,1,0,1,4,0,1,1.29,1.68,2,2,0,1
295,3.1,1,0,2,0,1,1,0.5,10,0,1,1.29,1.68,0.5,3,0,1
296,4,1,1,0,0,1,1,1.1,10,0,1,1.29,1.68,4,2,1,1
297,3.5,1,1,5,0,1,1,0.7,5,0,1,1.5,1.95,0.5,1,1,1
298,3.2,1,0,2,0,1,1,0.6,9,0,1,1.29,1.68,0.5,2,1,1
299,5.1,1,-1,1,0,1,1,1.4,1.5,0,1,1.29,1.68,0.5,4,0,1
300,4.5,1,1,1,0,1,1,1.6,5,0,1,1.29,1.68,0.5,2,1,1
301,2.8,1,1,2,0,1,1,1.3,3,0,1,1.29,1.68,0.5,2,1,1
302,3.5,1,1,2.5,0,1,0,0.8,8,0,1,1.29,1.68,0.5,2,1,1
303,3.8,1,1,1,0,0,1,1,5,0,1,1.29,1.68,0.5,4,0,1
304,3.7,1,1,1,1,1,0,0.3,0.3,0,0.5,1.5,1.95,0.5,3,0,-1
305,5,1,1,1,0,1,1,2,5,0,1,1.29,1.68,0.5,4,0,1
306,5.4,1,1,1,0,1,1,0.3,20,0,1,1.5,1.95,0.5,2,1,1
307,5.8,1,1,0,0,1,1,1.7,1,0,1,1.29,1.68,0.5,3,0,1
308,2.5,1,0,1,0,0,1,0.6,2,0,1,1.29,1.68,0.5,2,0,1
309,3,0,0,2,0,1,1,0.5,1.5,0,1,1.29,1.68,0.5,2,0,1
310,3.4,0,1,1,0,1,1,0.3,1.5,0,1,1.5,1.95,0.5,3,0,1
311,3.9,1,1,2,0,1,0,0.9,10,0,1,1.5,1.95,2,2,1,1
312,5.4,1,1,2,0,1,0,1.1,10,0,0.25,1.47,1.91,0.5,3,0,1
313,5.6,1,1,1,0,1,0,2,3,0,0.5,1.47,1.91,0.5,2,1,1
314,2.9,1,1,5,0,1,1,0.4,10,0,1,1.17,1.52,0.5,2,1,1
315,2.9,1,1,2,1,1,1,0.7,12,0,1,1.29,1.68,2,3,0,1
316,5.6,1,1,0,0,1,1,1.8,3,0,0.5,1.26,1.64,0,3,0,1
317,5,1,1,1,0,1,1,0.5,5,0,1,1.41,1.83,2,2,1,1
318,4.9,1,1,2,1,1,1,0.8,10,0,1,1.41,1.83,2,2,0,1
319,3.6,1,1,2,0,1,1,0.5,15,0,1,1.41,1.83,0.5,2,1,1
320,4,1,1,5,0,1,1,0.6,26,0,1,1.47,1.91,0.5,1,1,1
321,4.2,1,1,2,0,1,1,1.8,5,0,1,1.41,1.83,0.5,2,1,1
322,3.4,1,1,5,0,1,0,0.3,5,0,0.5,1.47,1.91,0.5,3,0,1
323,5,1,1,0,0,1,1,2,2.5,0,1,1.26,1.64,0.5,3,0,1
324,4.5,1,1,5,0,1,1,0.6,26,0,1,1.5,1.95,0.5,2,0,1
325,4.5,1,1,1,0,1,0,0.4,1.5,0,1,1.26,1.64,0.5,2,0,1
326,3.8,1,1,2,0,1,0,1.6,3,0,0.25,1.44,1.87,0.5,3,0,1
327,3.8,1,1,1,0,0,1,0.7,1.5,0,1,1.26,1.64,0.5,2,1,1
328,4.4,1,1,1,0,1,1,1,3,0,1,1.26,1.64,2,2,0,1
329,5,1,1,0,0,1,1,0.4,5,0,1,1.5,1.95,2,3,0,1
330,4.9,0,1,0,0,1,0,0.6,20,0,1,1.5,1.95,0.5,3,0,1
331,4.7,1,1,3.5,0,1,0,1.6,10,0,1,1.5,1.95,0.5,2,1,1
332,4.6,1,1,1,0,1,1,1,5,0,1,1.41,1.83,0.5,3,0,1
333,3.1,1,1,2,1,0,0,0.4,0.4,0,0.25,1.35,1.76,0.5,3,0,-1
334,3.5,0,-1,2,0,1,0,0.7,6,0,1,1.5,1.95,0.5,3,0,1
335,2.9,0,0,3.5,0,0,1,0.5,0.5,0,1,1.5,1.95,0.5,3,0,1
336,5.7,1,1,0,0,0,0,1.1,2,0,0.58,1.26,1.64,0.5,3,0,1
337,4.2,1,1,2,0,1,0,1.5,20,0,1,1.5,1.95,2,2,1,1
338,4.5,0,1,2,0,1,0,1,20,0,1,1.5,1.95,0.5,3,0,1
339,4.5,1,1,1,1,1,0,0.7,2.5,0,1,1.41,1.83,0.5,2,1,1
340,3.3,1,0,2,0,1,1,0.4,1.5,0,1,1.5,1.95,0.5,2,0,1
341,2.9,1,0,5,0,0,0,0.4,1,0,1,1.5,1.95,0.5,3,0,1
342,5.5,1,1,0,0,1,0,2,1,0,1,1.5,1.95,0.5,3,0,1
343,3.1,1,1,1,0,1,1,0.6,1,0,1,1.5,1.95,0.5,3,0,-1
344,3.8,1,1,1,0,1,1,1.3,10,0,1,1.26,1.64,0.5,3,0,1
345,3.3,1,1,0,2,1,0,0.5,3,0,0.5,1.38,1.79,0.5,2,1,1
346,4.3,0,1,1,0,1,1,1.6,1.5,0,1,1.5,1.95,0.5,2,1,1
347,3,0,1,2,0,1,1,0.3,3,0,1,1.5,1.95,0,2,1,1
348,3,1,1,1,0,1,1,1,12,0,1,1.41,1.83,0.5,1,1,1
349,4.4,1,1,1,0,1,1,1.4,10,0,1,1.26,1.64,0.5,3,0,1
350,5,1,1,0,0,1,1,0.4,3,0,1,1.5,1.95,2,3,0,1
351,2.8,1,1,3.5,0,1,0,0.4,5,0,1,1.41,1.83,0.5,2,1,1
352,4.9,1,1,5,0,1,1,1,14,0,1,1.35,1.76,0.5,3,0,1
353,5.6,1,1,0,0,1,1,1.8,3,0,0.5,1.23,1.6,0.5,3,0,1
354,3.3,0,1,2,0,1,1,0.5,3,0,1,1.5,1.95,0.5,3,0,1
355,4.2,1,1,2,0,1,1,1.8,7,0,1,1.26,1.64,0.5,3,0,1
356,3.6,0,-1,1,0,1,1,0.5,8.5,0,1,1.41,1.83,0.5,2,1,1
357,3.4,1,1,2,0,1,1,0.5,10,0,1,1.41,1.83,0.5,2,1,1
358,2.6,1,1,2,1,1,1,0.5,7,0,1,1.26,1.64,2,3,0,1
359,3,1,1,1,0,1,1,1,8,0,1,1.41,1.83,0.5,1,1,1
360,4,1,1,1,0,1,1,2,10,0,1,1.26,1.64,0.5,3,0,1
361,4.2,1,1,1,0,1,1,0.4,0.5,0,1,1.23,1.6,0.5,3,0,1
362,3.3,1,1,1,0,1,1,0.7,1,0,1,1.5,1.95,0.5,2,0,1
363,2.7,0,1,3.5,0,1,0,0.3,5,0,0.5,1.47,1.91,0.5,2,1,1
364,3.4,1,1,2,0,1,0,0.8,2,0,0.75,1.5,1.95,0.5,2,1,1
365,2.4,1,0,2.5,0,1,1,0.2,26,0,1,1.41,1.83,0.5,2,1,1
366,4.5,1,1,1,0,1,1,0.4,0.3,0,1,1.5,1.95,0.5,3,0,1
367,4.1,1,1,2,0,1,1,0.9,2.5,7,1,1.5,1.95,0.5,3,0,1
368,3.7,1,1,2,0,1,1,0.7,10,0,1,1.41,1.83,0.5,2,0,1
369,4.1,0,1,1,0,1,1,1.2,8,0,1,1.26,1.64,0.5,2,1,1
370,4.4,0,1,1,0,1,1,1.6,6,0,1,1.5,1.95,0.5,2,1,1
371,4,0,1,2,0,1,0,1,10,0,1,1.41,1.83,0.5,2,1,1
372,4.5,1,1,1,0,1,1,1.3,3,0,1,1.5,1.95,2,3,0,1
373,4.6,0,-1,2,0,1,1,0.8,6,0,1,1.47,1.91,0.5,3,0,1
374,5,1,1,2,1,1,1,0.9,10,0,1,1.41,1.83,2,2,1,1
375,4.4,1,1,1,0,1,1,2,10,0,0.5,1.23,1.6,0.5,2,1,1
376,3.2,1,1,2.5,0,1,0,0.8,3,0,1,1.5,1.95,0.5,2,1,1
377,3,1,1,2,1,1,1,0.8,10,0,1,1.26,1.64,2,2,0,1
378,5.8,1,1,0,0,1,0,2,3,0,0.5,1.38,1.79,0.5,2,1,1
379,3.6,1,1,3.5,0,1,1,0.5,5,0,1,1.5,1.95,0.5,3,0,1
380,4.1,1,1,3.5,1,1,0,2,8,0,1,1.41,1.83,0.5,2,1,1
381,3.5,1,1,1,0,1,1,0.8,3,0,1,1.26,1.64,0.5,3,0,1
382,3.3,1,1,1,0,1,1,1.3,10,0,1,1.26,1.64,2,2,1,1
383,3.6,1,1,2.5,0,0,1,0.9,8,0,1,1.26,1.64,0.5,3,0,1
384,2.9,1,1,0,0,0,1,1.3,5,0,1,1.26,1.64,0.5,2,1,1
385,4.6,1,1,0,0,0,1,1.7,5,0,1,1.26,1.64,0.5,2,1,1
386,6.3,0,1,0,0,1,1,0.8,10,0,1,1.41,1.83,0.5,2,1,1
387,3.1,1,1,2.5,0,1,0,0.8,7,0,1,1.41,1.83,0.5,2,1,1
388,6.2,1,1,3.5,0,1,0,3,1,0,1,1.5,1.95,0.5,3,0,1
389,4.3,1,1,1,0,1,1,0.5,7,0,1,1.26,1.64,0.5,2,1,1
390,3.9,1,1,1,0,0,1,1,5,0,1,1.26,1.64,0.5,4,0,1
391,3.1,0,1,1,0,0,1,0.6,1.5,0,1,1.26,1.64,0.5,3,0,1
392,5.2,1,-1,1,0,1,1,1.5,1,0,1,1.26,1.64,0.5,3,0,1
393,2.6,1,0,1,0,0,1,0.7,2,0,1,1.26,1.64,0.5,2,0,1